{"cameraMode":{"drawMode":0,"name":"Shaded","section":"Shading Mode"},"sceneLighting":false,"audioPlay":false,"sceneViewState":{"m_AlwaysRefresh":false,"showFog":true,"showSkybox":false,"showFlares":true,"showImageEffects":true,"showParticleSystems":true,"showVisualEffectGraphs":true,"m_FxEnabled":true},"in2DMode":false,"pivot":{"x":0.6716200709342957,"y":-0.0759933590888977,"z":-3.0866403579711916},"rotation":{"x":0.046229586005210879,"y":0.004980327095836401,"z":0.00025828383513726294,"w":0.9989836812019348},"size":3.0025880336761476,"orthographic":false}