{"cameraMode":{"drawMode":0,"name":"Shaded","section":"Shading Mode"},"sceneLighting":false,"audioPlay":false,"sceneViewState":{"m_AlwaysRefresh":false,"showFog":true,"showSkybox":false,"showFlares":true,"showImageEffects":true,"showParticleSystems":true,"showVisualEffectGraphs":true,"m_FxEnabled":true},"in2DMode":false,"pivot":{"x":0.3045123219490051,"y":0.18773776292800904,"z":-1.4000539779663087},"rotation":{"x":0.06269945204257965,"y":0.01695660687983036,"z":-0.0005897805094718933,"w":0.9978886246681213},"size":3.0025880336761476,"orthographic":false}