{"cameraMode":{"drawMode":0,"name":"Shaded","section":"Shading Mode"},"sceneLighting":false,"audioPlay":false,"sceneViewState":{"m_AlwaysRefresh":false,"showFog":true,"showSkybox":false,"showFlares":true,"showImageEffects":true,"showParticleSystems":true,"showVisualEffectGraphs":true,"m_FxEnabled":true},"in2DMode":false,"pivot":{"x":0.4210415184497833,"y":19.19791030883789,"z":-24.510581970214845},"rotation":{"x":0.16371133923530579,"y":0.002456049434840679,"z":0.00004422064739628695,"w":0.9865188598632813},"size":15.334877014160157,"orthographic":false}