{"cameraMode":{"drawMode":0,"name":"Shaded","section":"Shading Mode"},"sceneLighting":false,"audioPlay":false,"sceneViewState":{"m_AlwaysRefresh":false,"showFog":true,"showSkybox":false,"showFlares":true,"showImageEffects":true,"showParticleSystems":true,"showVisualEffectGraphs":true,"m_FxEnabled":true},"in2DMode":false,"pivot":{"x":0.5248733758926392,"y":0.5356588363647461,"z":0.4856300354003906},"rotation":{"x":0.12533040344715119,"y":-0.041116222739219668,"z":0.005228289868682623,"w":0.9912764430046082},"size":19.320755004882814,"orthographic":false}