{"cameraMode":{"drawMode":0,"name":"Shaded","section":"Shading Mode"},"sceneLighting":true,"audioPlay":false,"sceneViewState":{"m_AlwaysRefresh":false,"showFog":true,"showSkybox":true,"showFlares":true,"showImageEffects":true,"showParticleSystems":true,"showVisualEffectGraphs":true,"m_FxEnabled":true},"in2DMode":false,"pivot":{"x":12.211345672607422,"y":50.71599197387695,"z":47.36787414550781},"rotation":{"x":0.058339234441518787,"y":0.025673039257526399,"z":-0.002700268756598234,"w":0.9979630708694458},"size":77.83234405517578,"orthographic":false}