{"cameraMode":{"drawMode":0,"name":"Shaded","section":"Shading Mode"},"sceneLighting":false,"audioPlay":false,"sceneViewState":{"m_AlwaysRefresh":false,"showFog":true,"showSkybox":false,"showFlares":true,"showImageEffects":true,"showParticleSystems":true,"showVisualEffectGraphs":true,"m_FxEnabled":true},"in2DMode":false,"pivot":{"x":-1.703744888305664,"y":2.7444686889648439,"z":-1.1964917182922364},"rotation":{"x":0.025650111958384515,"y":0.0011776805622503162,"z":-0.000029531927793868817,"w":0.9996713399887085},"size":1.6130906343460084,"orthographic":false}