{"cameraMode":{"drawMode":0,"name":"Shaded","section":"Shading Mode"},"sceneLighting":false,"audioPlay":false,"sceneViewState":{"m_AlwaysRefresh":false,"showFog":true,"showSkybox":false,"showFlares":true,"showImageEffects":true,"showParticleSystems":true,"showVisualEffectGraphs":true,"m_FxEnabled":true},"in2DMode":false,"pivot":{"x":0.38723787665367129,"y":2.140753746032715,"z":-2.187188148498535},"rotation":{"x":0.006652340292930603,"y":0.02267647534608841,"z":-0.00014760986960027367,"w":0.9997365474700928},"size":4.0653767585754398,"orthographic":false}