{"cameraMode":{"drawMode":0,"name":"Shaded","section":"Shading Mode"},"sceneLighting":false,"audioPlay":false,"sceneViewState":{"m_AlwaysRefresh":false,"showFog":true,"showSkybox":false,"showFlares":true,"showImageEffects":true,"showParticleSystems":true,"showVisualEffectGraphs":true,"m_FxEnabled":true},"in2DMode":false,"pivot":{"x":0.3251649737358093,"y":3.356480360031128,"z":-2.5145456790924074},"rotation":{"x":-0.4023059606552124,"y":-0.007658695336431265,"z":0.002252970589324832,"w":-0.9161537289619446},"size":2.5380823612213136,"orthographic":false}