{"cameraMode":{"drawMode":0,"name":"Shaded","section":"Shading Mode"},"sceneLighting":false,"audioPlay":false,"sceneViewState":{"m_AlwaysRefresh":false,"showFog":true,"showSkybox":false,"showFlares":true,"showImageEffects":true,"showParticleSystems":true,"showVisualEffectGraphs":true,"m_FxEnabled":true},"in2DMode":false,"pivot":{"x":2.7538442611694338,"y":-4.05426549911499,"z":-2.399211883544922},"rotation":{"x":-0.11107972264289856,"y":0.003852982074022293,"z":0.00042510443017818034,"w":-0.9938622117042542},"size":18.771207809448243,"orthographic":false}