{"cameraMode":{"drawMode":0,"name":"Shaded","section":"Shading Mode"},"sceneLighting":false,"audioPlay":false,"sceneViewState":{"m_AlwaysRefresh":false,"showFog":true,"showSkybox":false,"showFlares":true,"showImageEffects":true,"showParticleSystems":true,"showVisualEffectGraphs":true,"m_FxEnabled":true},"in2DMode":false,"pivot":{"x":0.00519949896261096,"y":0.8255316615104675,"z":-5.5234293937683109},"rotation":{"x":0.05858413875102997,"y":0.02693408913910389,"z":0.0008213737746700645,"w":0.9979386329650879},"size":3.7673871517181398,"orthographic":false}