{"cameraMode":{"drawMode":0,"name":"Shaded","section":"Shading Mode"},"sceneLighting":false,"audioPlay":false,"sceneViewState":{"m_AlwaysRefresh":false,"showFog":true,"showSkybox":false,"showFlares":true,"showImageEffects":true,"showParticleSystems":true,"showVisualEffectGraphs":true,"m_FxEnabled":true},"in2DMode":false,"pivot":{"x":-34.791038513183597,"y":86.09046936035156,"z":-2.6158828735351564},"rotation":{"x":0.06105005368590355,"y":0.11532099545001984,"z":-0.007100594695657492,"w":0.9914436340332031},"size":45.85880661010742,"orthographic":false}