{"cameraMode":{"drawMode":0,"name":"Shaded","section":"Shading Mode"},"sceneLighting":false,"audioPlay":false,"sceneViewState":{"m_AlwaysRefresh":false,"showFog":true,"showSkybox":false,"showFlares":true,"showImageEffects":true,"showParticleSystems":true,"showVisualEffectGraphs":true,"m_FxEnabled":true},"in2DMode":false,"pivot":{"x":1.3260587453842164,"y":-1.9133996963500977,"z":0.5521870851516724},"rotation":{"x":0.5209334492683411,"y":0.037904608994722369,"z":-0.02309422567486763,"w":0.8525276780128479},"size":3.5137157440185549,"orthographic":false}