{"cameraMode":{"drawMode":0,"name":"Shaded","section":"Shading Mode"},"sceneLighting":false,"audioPlay":false,"sceneViewState":{"m_AlwaysRefresh":false,"showFog":true,"showSkybox":false,"showFlares":true,"showImageEffects":true,"showParticleSystems":true,"showVisualEffectGraphs":true,"m_FxEnabled":true},"in2DMode":false,"pivot":{"x":0.7159651517868042,"y":-4.582424163818359,"z":22.99025535583496},"rotation":{"x":0.10395045578479767,"y":0.013068737462162972,"z":-0.002207869431003928,"w":0.9945152997970581},"size":12.601417541503907,"orthographic":false}