{"cameraMode":{"drawMode":0,"name":"Shaded","section":"Shading Mode"},"sceneLighting":false,"audioPlay":false,"sceneViewState":{"m_AlwaysRefresh":false,"showFog":true,"showSkybox":false,"showFlares":true,"showImageEffects":true,"showParticleSystems":true,"showVisualEffectGraphs":true,"m_FxEnabled":true},"in2DMode":false,"pivot":{"x":1.06070876121521,"y":-0.12217053771018982,"z":3.3427987098693849},"rotation":{"x":-0.017589110881090165,"y":-0.1528862863779068,"z":0.002567403018474579,"w":-0.9886923432350159},"size":1.7809720039367676,"orthographic":false}