{"cameraMode":{"drawMode":0,"name":"Shaded","section":"Shading Mode"},"sceneLighting":false,"audioPlay":false,"sceneViewState":{"m_AlwaysRefresh":false,"showFog":true,"showSkybox":false,"showFlares":true,"showImageEffects":true,"showParticleSystems":true,"showVisualEffectGraphs":true,"m_FxEnabled":true},"in2DMode":false,"pivot":{"x":0.22303013503551484,"y":-0.8180735111236572,"z":3.209635019302368},"rotation":{"x":-0.12547069787979127,"y":-0.025746719911694528,"z":0.0030764034017920496,"w":-0.9923537969589233},"size":1.7809720039367676,"orthographic":false}