{"cameraMode":{"drawMode":0,"name":"Shaded","section":"Shading Mode"},"sceneLighting":false,"audioPlay":false,"sceneViewState":{"m_AlwaysRefresh":false,"showFog":true,"showSkybox":false,"showFlares":true,"showImageEffects":true,"showParticleSystems":true,"showVisualEffectGraphs":true,"m_FxEnabled":true},"in2DMode":false,"pivot":{"x":18.056001663208009,"y":37.238521575927737,"z":-31.869842529296876},"rotation":{"x":0.3123408257961273,"y":0.14452172815799714,"z":-0.04810987040400505,"w":0.9377886652946472},"size":4.590074062347412,"orthographic":false}