{"cameraMode":{"drawMode":0,"name":"Shaded","section":"Shading Mode"},"sceneLighting":false,"audioPlay":false,"sceneViewState":{"m_AlwaysRefresh":false,"showFog":true,"showSkybox":false,"showFlares":true,"showImageEffects":true,"showParticleSystems":true,"showVisualEffectGraphs":true,"m_FxEnabled":true},"in2DMode":false,"pivot":{"x":-67.24229431152344,"y":90.49414825439453,"z":17.993804931640626},"rotation":{"x":-0.01333084236830473,"y":0.15713083744049073,"z":0.0021347070578485729,"w":0.9875086545944214},"size":66.01375579833985,"orthographic":false}